ID,SKU,Title,Description,List Price,Sell Price,Image,Manufacturer,Current Stock,OS
1,684513,test1,Maecenas sed diam eget risus varius blandit sit amet non magna. Donec sed odio dui. Donec sed odio dui. Integer posuere erat a ante venenatis dapibus posuere velit aliquet. Maecenas faucibus mollis interdum., $418.08 , $372.09 ,36,BlackBerry,18,BlackBerry 6.0
2,309072,test2,"Aenean lacinia bibendum nulla sed consectetur. Duis mollis, est non commodo luctus, nisi erat porttitor ligula, eget lacinia odio sem nec elit. Sed posuere consectetur est at lobortis. Curabitur blandit tempus porttitor. Maecenas faucibus mollis interdum. Cum sociis natoque penatibus et magnis dis parturient montes, nascetur ridiculus mus.", $868.23 , $755.36 ,2,BlackBerry,72,BlackBerry 7.0
3,924944,test3,"Sed posuere consectetur est at lobortis. Maecenas sed diam eget risus varius blandit sit amet non magna. Sed posuere consectetur est at lobortis. Duis mollis, est non commodo luctus, nisi erat porttitor ligula, eget lacinia odio sem nec elit. Aenean eu leo quam. Pellentesque ornare sem lacinia quam venenatis vestibulum. Maecenas sed diam eget risus varius blandit sit amet non magna. Maecenas sed diam eget risus varius blandit sit amet non magna.", $123.40 , $114.76 ,34,BlackBerry,15,BlackBerry 6.1
4,701330,test4,"Maecenas sed diam eget risus varius blandit sit amet non magna. Praesent commodo cursus magna, vel scelerisque nisl consectetur et. Lorem ipsum dolor sit amet, consectetur adipiscing elit. Integer posuere erat a ante venenatis dapibus posuere velit aliquet.", $198.38 , $180.53 ,21,BlackBerry,0,BlackBerry 7.0
5,904713,Ascend P1,"Duis mollis, est non commodo luctus, nisi erat porttitor ligula, eget lacinia odio sem nec elit. Donec sed odio dui. Aenean eu leo quam. Pellentesque ornare sem lacinia quam venenatis vestibulum. Aenean lacinia bibendum nulla sed consectetur.", $283.62 , $280.78 ,1,Huawei,75,Android 4.0.3
6,304615,Ascend Y300,"Integer posuere erat a ante venenatis dapibus posuere velit aliquet. Nullam quis risus eget urna mollis ornare vel eu leo. Lorem ipsum dolor sit amet, consectetur adipiscing elit. Cras justo odio, dapibus ac facilisis in, egestas eget quam."," $1,220.71 ", $830.08 ,29,Huawei,91,Android 4.1.1
7,799701,Desire 601,"Donec feugiat diam nisi. Quisque hendrerit tortor augue, sed porttitor ligula scelerisque feugiat. Maecenas pulvinar nisi eget lorem hendrerit consequat. Etiam mattis leo diam. Morbi commodo rutrum elit, at lacinia lectus hendrerit a. Duis suscipit nibh vitae mauris posuere, vel sagittis neque eleifend. Donec luctus tincidunt erat in iaculis. Etiam tempor eros in elit faucibus, nec suscipit libero consequat. Integer vestibulum imperdiet nulla nec sodales. Ut eget felis eu purus aliquam faucibus et non orci. Morbi at facilisis lectus. Sed varius nec nisi quis ultrices. Praesent lobortis dui risus, a hendrerit ante porta in. Sed vestibulum imperdiet diam, vel pretium elit eleifend non. Nam mollis, urna ac scelerisque ullamcorper, arcu nunc vehicula justo, quis maximus quam metus sed felis. Aenean sed ante vitae arcu iaculis placerat vitae vitae sapien.", $847.61 , $779.80 ,55,HTC,19,Android 4.2.2
8,756284,DROID DNA,"Quisque eu leo dui. Nam turpis dui, pretium ut elit sollicitudin, suscipit auctor leo. Mauris eu pretium purus. Nullam luctus leo quis sapien faucibus laoreet. Duis nibh ex, varius aliquam ornare eget, suscipit id erat. Cras commodo dolor et sem venenatis mattis. Mauris mattis justo feugiat elementum dapibus. Donec ullamcorper lectus a erat tempus, at pulvinar quam posuere."," $1,099.28 ", $725.52 ,31,HTC,8,Android 4.4.2
9,367251,DROID Mini,"Nulla facilisi. Ut vulputate rhoncus risus. Nullam nec interdum quam. Nulla quis lacus porttitor leo dapibus varius dapibus non metus. Cras varius est ipsum, nec ornare enim condimentum quis. Maecenas placerat dapibus nisl in facilisis. Aenean id magna ut risus ultrices rhoncus. Ut ornare, neque rhoncus gravida faucibus, libero tellus convallis arcu, id sagittis ex ante vel arcu. In porttitor gravida velit, sit amet lobortis leo lacinia eu. Pellentesque rutrum tortor odio, id imperdiet diam sodales eget. Suspendisse quis ipsum risus.", $518.81 , $415.05 ,27,Motorola,77,Android 4.4.4
10,164495,DROID Razr,"Nulla laoreet condimentum quam, bibendum bibendum tellus pellentesque eu. Sed feugiat mi ut nulla sagittis, lobortis malesuada nulla rutrum. Vestibulum lobortis et lectus non pulvinar. Pellentesque quis urna et arcu interdum gravida ac vitae dui. Curabitur tincidunt, arcu nec ornare fringilla, est tellus faucibus nisi, vel consectetur risus est in massa. Integer quis ipsum sed nulla hendrerit volutpat nec at ante. Praesent fermentum nunc et ullamcorper pretium. Integer diam tortor, vulputate quis dolor eu, scelerisque ultrices odio. Proin pharetra iaculis nunc, non luctus quam sagittis a. Suspendisse potenti. Pellentesque habitant morbi tristique senectus et netus et malesuada fames ac turpis egestas. Praesent vel dolor vehicula, auctor lectus ut, placerat massa.", $304.63 , $261.98 ,35,Motorola,0,Android 4.1.2
11,641005,DROID Razr M,"Aenean interdum elit turpis, a malesuada sapien tincidunt iaculis. Fusce lacus ipsum, varius vitae nisi aliquet, porttitor tincidunt sapien. Integer ornare enim a nisi placerat scelerisque. Nunc justo arcu, tristique sed augue ac, venenatis pretium odio. Donec luctus risus at commodo vehicula. Sed iaculis quam lacinia turpis aliquam dignissim. Vestibulum ante ipsum primis in faucibus orci luctus et ultrices posuere cubilia Curae; Integer cursus sed ex ac convallis. Cras sit amet purus semper, tincidunt magna in, finibus lectus. Suspendisse porta risus massa, ac blandit dolor gravida at. Etiam maximus, risus a porttitor tempor, est odio lobortis mi, porttitor ultrices sem nisl sit amet tellus. Vestibulum a neque a eros tincidunt tempus ut at sapien. Sed fringilla semper sagittis. Integer at dui ultrices, placerat augue non, aliquet ligula. Sed pellentesque tincidunt augue. Nunc rhoncus eros eu quam scelerisque sagittis.", $387.05 , $259.32 ,30,Motorola,22,Android 4.1.2
12,195258,DROID Ultra,"Donec gravida, ipsum eget pretium auctor, justo justo ullamcorper magna, sit amet hendrerit magna enim vel quam. In laoreet lacus at turpis venenatis pulvinar. Donec consectetur convallis elit et pharetra. Nulla eget dolor non turpis commodo condimentum. Nulla vitae urna nibh. Sed tempus sapien at justo tempus, eu tincidunt leo sollicitudin. Phasellus ac ultrices massa, tempus tincidunt elit. Donec pretium, nunc nec aliquam pharetra, lacus ligula suscipit neque, et malesuada erat libero vel eros. Aliquam suscipit eleifend sapien, quis viverra eros volutpat at. Fusce sit amet ultrices velit.", $451.86 , $325.34 ,38,Motorola,54,Android 4.4
14,720640,Fire Phone,"Quisque quis commodo augue. Nam lacinia ipsum vitae purus iaculis, vel ultricies est egestas. Nam aliquam, odio nec molestie efficitur, orci metus ultrices neque, sit amet tristique eros massa non dolor. Vestibulum ante ipsum primis in faucibus orci luctus et ultrices posuere cubilia Curae; Fusce vestibulum porttitor arcu sit amet consectetur. Curabitur ac urna orci. Fusce egestas eros sed iaculis interdum. Etiam gravida at leo imperdiet gravida. Nulla ullamcorper neque nisi, finibus laoreet quam lacinia vitae. Donec ac cursus dui."," $1,176.89 ", $812.05 ,50,Amazon,73,Android 4.2.2
15,577862,First,"Integer vel tincidunt lacus, malesuada semper massa. Vivamus nec libero augue. Morbi eu dapibus dolor. Aliquam dapibus fringilla porttitor. Cras finibus facilisis feugiat. Sed tempor ex laoreet nunc venenatis porta. Vivamus condimentum rutrum ligula, quis malesuada mi luctus eu."," $1,187.64 "," $1,104.51 ",22,HTC,47,Android 4.1.2
16,885651,G-Flex,"Mauris iaculis sit amet urna sed posuere. Donec porta in risus et volutpat. Fusce ac tristique purus. Suspendisse potenti. Fusce laoreet mattis aliquam. Vestibulum mattis dolor sed mauris imperdiet laoreet. Integer rhoncus orci nec felis pellentesque, a blandit justo eleifend.", $977.53 , $762.47 ,53,LG,64,Android 4.4.2
17,855173,G2,"Nulla dolor libero, finibus id sagittis id, vestibulum eu purus. Proin dictum et ante sed tempus. Ut vestibulum, sem at placerat blandit, dui augue hendrerit sem, vel aliquam enim purus id risus. Proin id odio cursus, volutpat urna quis, imperdiet augue. Nunc leo nisi, placerat id sapien dignissim, sollicitudin maximus mi. Sed mi ante, semper eu dolor nec, facilisis maximus dui. Etiam feugiat vulputate efficitur. Vivamus id finibus nunc. Cras nulla sapien, consectetur sed placerat eu, posuere eu metus. Phasellus ornare nibh et facilisis malesuada. Aenean et varius quam. Maecenas eleifend, quam at pellentesque varius, magna tellus ultrices eros, et blandit nunc tortor non dui. Proin vel nibh et tortor hendrerit dignissim. Integer eu neque at metus mattis porttitor."," $1,164.99 "," $1,048.49 ",47,LG,77,Android 4.2.2
18,218456,G2 Mini,"Ut aliquam lectus id magna tincidunt aliquam. Duis volutpat massa tristique, interdum diam vitae, dapibus massa. Proin sollicitudin maximus auctor. Nulla elementum quam id elementum volutpat. Suspendisse interdum convallis dui a iaculis. Maecenas convallis quis lectus vel pretium. Mauris enim libero, feugiat sed gravida in, ornare sit amet urna. Aenean commodo augue diam, vitae sagittis eros facilisis vitae. Nam bibendum mi orci, vel eleifend sem facilisis id. Etiam consequat nunc in semper elementum. Aenean erat nisi, cursus in condimentum lobortis, vestibulum bibendum turpis. Fusce id dignissim odio, sed bibendum felis. Nulla sit amet libero vitae risus facilisis tempor at eget nulla.", $801.42 , $617.09 ,13,LG,12,Android 4.4.2
19,121272,G3,"Vivamus commodo libero eu libero congue, ut molestie orci posuere. Suspendisse libero dui, pharetra vel pharetra id, suscipit nec magna. Integer convallis est lacinia, tristique nulla sed, elementum nibh. Donec lectus risus, dignissim vel nisl nec, fermentum scelerisque nisi. Mauris interdum ante eget eros fringilla, ac vehicula risus maximus. Phasellus pharetra, metus a convallis placerat, nulla nisi tincidunt erat, vel maximus augue mi quis lacus. Morbi molestie dignissim velit, in porttitor massa pretium ut. Fusce ac tristique ligula. Aliquam nec nibh vel quam vehicula pulvinar. Pellentesque sed mauris eu nisi feugiat molestie. Praesent et risus purus. Suspendisse in est id massa dictum blandit et at dolor. Vestibulum ante ipsum primis in faucibus orci luctus et ultrices posuere cubilia Curae; Vestibulum ante ipsum primis in faucibus orci luctus et ultrices posuere cubilia Curae; Nam dignissim nisl viverra odio semper lobortis. Etiam ligula ante, commodo vel nunc rutrum, auctor pharetra est.", $364.33 , $302.39 ,41,LG,5,Android 4.4.2
20,756152,Galaxy Ace III,"Phasellus condimentum eget erat ut consequat. Praesent iaculis consequat eros, eget blandit augue feugiat vel. Suspendisse ac nibh odio. Cum sociis natoque penatibus et magnis dis parturient montes, nascetur ridiculus mus. Donec blandit sapien eget volutpat lobortis. Nulla facilisi. Quisque pretium mauris purus, quis gravida sapien tristique auctor. Mauris blandit elit non lorem commodo, sit amet mattis nunc vehicula. Aliquam erat volutpat. Integer gravida nulla nunc, sit amet euismod magna commodo nec. Cras eu libero iaculis, volutpat velit sit amet, maximus arcu. Etiam sapien arcu, sollicitudin eu enim nec, luctus sodales dolor. Proin quis vulputate lorem, luctus pharetra turpis."," $1,079.38 "," $1,079.38 ",21,Samsung,87,Android 4.2.2
21,620346,Galaxy Express 2,"Vestibulum ante ipsum primis in faucibus orci luctus et ultrices posuere cubilia Curae; Nulla mauris lectus, consectetur ac rutrum nec, sollicitudin et nibh. Vestibulum tincidunt rhoncus ultricies. Nam viverra, ipsum sit amet vehicula faucibus, leo urna egestas sem, nec gravida odio libero quis risus. Integer eleifend, dui vulputate vulputate egestas, eros odio venenatis erat, non egestas justo leo id eros. Cras nisi magna, bibendum id consequat quis, mollis vitae massa. Maecenas a lorem leo. Aliquam varius auctor aliquam. Fusce pellentesque quis lectus at laoreet.", $569.06 , $563.37 ,30,Samsung,67,Android 4.2.2
22,995232,Galaxy Express I8730,"Vivamus ultricies id lorem vel porta. Praesent ut risus id ligula iaculis dapibus. Maecenas convallis, urna a consectetur fermentum, ante est rhoncus tortor, vitae hendrerit augue enim condimentum sapien. Integer a scelerisque diam, facilisis tempus magna. Praesent id arcu egestas, laoreet erat dapibus, sodales sapien. Aenean quis nisl ac libero elementum congue id vitae ex. Sed finibus nisi vitae odio ullamcorper, nec faucibus justo pulvinar. Proin dapibus metus sit amet luctus maximus. Aenean lacus tortor, auctor a metus eget, tempor convallis orci. Mauris eget elit eget orci accumsan mattis. Sed in diam ultricies ante tempor ornare. Mauris elementum ac lacus ac lobortis.", $651.15 , $546.97 ,29,Samsung,89,Android 4.1.2
23,568256,Galaxy Grand I9082,"Vestibulum fermentum facilisis nunc, congue maximus tellus volutpat et. Cras quis lorem eleifend, pretium nisi ac, pellentesque arcu. Maecenas nec pharetra turpis. Nullam a nulla mi. Integer sollicitudin erat augue, nec malesuada diam efficitur et. Mauris luctus massa vel magna fermentum blandit. Donec suscipit urna a convallis venenatis. Maecenas feugiat elit ac sem posuere, nec gravida arcu feugiat.", $260.53 , $192.79 ,50,Samsung,100,Android 4.2.2
24,804392,Galaxy Mega 6.3 (SGH-I527M),"Proin quis lorem nibh. Fusce tempor mattis fermentum. Sed interdum, erat nec elementum venenatis, diam ligula malesuada sem, non tempus lectus arcu sit amet metus. Nam consequat scelerisque vehicula. Mauris eu leo quis tortor dapibus scelerisque accumsan quis diam. Aenean sit amet maximus urna, sed feugiat nunc. Duis nec turpis elementum, dapibus ante a, dignissim felis. Cras tristique porttitor sapien, ac varius neque consequat at. Phasellus fermentum ut est eu porttitor. Integer vitae molestie neque. In non commodo sem, at lacinia eros. Sed non commodo risus, ac maximus ligula.", $652.51 , $522.01 ,38,Samsung,68,Android 4.2.2
25,409378,Galaxy Nexus,"Pellentesque ante dui, mollis id facilisis non, ultrices in nisl. Mauris dui dui, pretium euismod nisi nec, ornare dignissim justo. Quisque pretium, ipsum et efficitur accumsan, nulla diam fermentum odio, ut tincidunt leo dui eget ex. Sed nec molestie nulla, nec varius orci. Sed pretium commodo tincidunt. Pellentesque lacinia suscipit mauris. Praesent elementum placerat dui sed laoreet. Etiam erat metus, eleifend aliquam sapien quis, iaculis faucibus urna. Ut eu sollicitudin sapien. Duis ornare condimentum imperdiet. Nullam sed lorem nec nisl consequat fringilla eget nec arcu. Etiam vel sodales tellus."," $1,125.90 "," $1,114.64 ",28,Samsung,33,Android 4.3
26,978851,Galaxy Note (N7000),"Nullam nec arcu eu ligula malesuada tincidunt. Nullam nec sem sit amet dolor finibus condimentum. Praesent ipsum felis, cursus at pulvinar tristique, egestas sit amet diam. Sed et vulputate purus. Curabitur at odio ultricies eros rhoncus condimentum sed sed dui. Vestibulum congue scelerisque sapien nec bibendum. Duis non pulvinar tortor. Lorem ipsum dolor sit amet, consectetur adipiscing elit. Vestibulum rutrum magna ut ante lacinia mollis. Nulla lacus leo, dapibus quis arcu eget, pellentesque pharetra erat. Ut odio turpis, rutrum nec enim ac, mattis cursus sem. Mauris vehicula elit pretium sem ornare tristique. Sed ac bibendum metus, placerat tempus sapien. Curabitur placerat dignissim ultricies. In hac habitasse platea dictumst.", $929.83 , $688.07 ,33,Samsung,0,Android 4.0.4
27,483848,Galaxy Note 10.1 GT-N8013,"Sed auctor felis in massa sollicitudin, ut consectetur lectus blandit. Cras pharetra ultrices ante, vel sagittis magna sodales et. Phasellus malesuada justo ex. Nullam eget lacus pharetra, maximus diam quis, rutrum quam. Nulla turpis est, dignissim eu rhoncus in, convallis non nibh. Nullam non lectus vitae felis ultricies porta. Etiam malesuada, orci sed efficitur tristique, ex dolor ullamcorper dui, quis tristique leo felis quis purus. Nullam at tempus ipsum. Nunc sapien nisl, suscipit nec egestas quis, facilisis ut augue. Donec fringilla dictum mattis. Fusce at lectus vitae dui lobortis feugiat id a eros. Nulla et rhoncus ex. Nunc efficitur orci nec justo blandit sagittis nec a leo."," $1,177.38 "," $1,177.38 ",55,Samsung,75,Android 4.1.2
28,358823,Galaxy Note 8.0 (N5110),"In consectetur mollis magna, porta fringilla libero varius vel. Aliquam hendrerit ultricies magna, ac facilisis nisi luctus nec. Duis et mauris at sem euismod bibendum. Proin ullamcorper massa ac nunc sollicitudin efficitur. Nam sed porta elit. Proin sed quam vel lectus tempus malesuada. Duis diam eros, bibendum at orci ac, posuere elementum urna. Donec congue vel neque ac dapibus. Donec faucibus dictum nisl, vel condimentum elit tincidunt id. Duis et sem dolor. Nullam tincidunt, tortor et elementum tincidunt, orci leo accumsan ex, id pharetra felis eros sed mi. Aliquam eget ante blandit, viverra enim nec, laoreet nunc. Vivamus in justo porta, blandit lorem et, euismod odio. Vivamus semper, massa in rhoncus finibus, purus ligula pharetra est, id tristique velit massa in elit.", $118.23 , $93.40 ,31,Samsung,51,Android 4.2.2
29,979137,Galaxy Note II (I317),"Nam congue dui commodo laoreet ultricies. Mauris odio velit, ultrices nec enim quis, vestibulum facilisis felis. Nunc aliquam blandit quam ut aliquam. Curabitur pharetra mauris a diam commodo placerat. Vivamus sed iaculis nibh. Nunc cursus sem non sem rhoncus pulvinar. Donec ut dolor ac arcu bibendum feugiat et nec est. Ut in purus vel libero feugiat vulputate. Quisque lectus neque, commodo in elit ut, porta vehicula risus. Suspendisse gravida eros sit amet tristique iaculis. Fusce vel metus ac neque aliquet mollis. Maecenas at porta odio. Integer accumsan sit amet erat vitae maximus. Aenean est sem, bibendum vel lorem ac, dignissim rhoncus diam.", $671.80 , $584.47 ,2,Samsung,63,Android 4.1.1
30,854831,Galaxy Note III,"Donec varius justo dignissim, placerat purus a, bibendum libero. Integer sed tristique mi. Fusce vitae diam a quam vestibulum vestibulum eu hendrerit nunc. Phasellus ut convallis sapien. Cras faucibus fermentum efficitur. In auctor vehicula sem, molestie tincidunt mauris volutpat non. Morbi ac rutrum nisl. Maecenas id ultricies elit, vitae tincidunt augue. Suspendisse at nisl ante. Aliquam accumsan ante ac fermentum lacinia. Ut consectetur ipsum varius tincidunt lobortis. Fusce convallis euismod ex, quis auctor lectus luctus ut. Aenean in purus purus. Curabitur eu neque posuere, convallis orci vel, pharetra ante.", $472.47 , $387.43 ,29,Samsung,24,Android 4.3
31,763247,Galaxy Note III N900A 4.4,"Sed vehicula ligula non vehicula tristique. Aliquam rhoncus, ipsum id commodo pulvinar, leo metus fermentum ante, in pellentesque ex diam ac risus. Ut aliquet a diam lobortis vulputate. Integer interdum tempus diam, sed porta massa laoreet ac. Curabitur metus nisi, consectetur eu vehicula ac, consequat sit amet quam. Vestibulum augue sem, suscipit vel eros a, blandit tempus erat. Nullam et pulvinar nulla. Pellentesque non arcu urna. Morbi risus velit, maximus ut viverra quis, elementum et nibh. Integer a eros rhoncus, maximus ex id, pellentesque ipsum. Morbi ultrices est ac dictum feugiat. Sed mattis volutpat sollicitudin. Sed eget justo sit amet quam lobortis condimentum. Quisque dictum quam erat, in imperdiet felis vehicula sit amet. Sed eu imperdiet arcu, id posuere nunc. Curabitur quis justo pretium, laoreet diam at, hendrerit nibh."," $1,174.04 "," $1,127.08 ",36,Samsung,28,Android 4.4.2
32,837503,Galaxy Note III Neo,"Aenean facilisis risus eu sapien imperdiet, id aliquet nisl convallis. Donec auctor vel neque ac lobortis. Donec arcu neque, tempus eu quam quis, gravida interdum purus. Etiam vitae elit purus. Phasellus eros velit, aliquet nec turpis sed, pulvinar suscipit lorem. Morbi condimentum tellus id ipsum ultrices feugiat. Donec sit amet lacus mi. Maecenas eu lorem in orci mattis cursus. Quisque pharetra id massa cursus efficitur. Etiam magna est, placerat a erat vel, venenatis sodales nibh. In hendrerit pulvinar turpis eu pulvinar. Suspendisse laoreet euismod orci, eu sagittis augue ullamcorper sed. Mauris posuere ante tristique elit iaculis convallis. Proin rhoncus velit eu leo congue, vel aliquam nulla blandit.", $656.86 , $643.72 ,41,Samsung,93,Android 4.4.2
33,218265,Galaxy Note Pro 12.2,"Morbi sagittis arcu ac sagittis hendrerit. Ut bibendum varius nisi nec tempus. Donec dignissim mi sed lectus lacinia bibendum. Donec eros magna, gravida in malesuada eget, semper in tortor. Etiam condimentum risus id urna euismod, a facilisis leo lobortis. In eu tellus ut diam vestibulum iaculis at quis lorem. Etiam malesuada elit a lorem maximus congue. Sed et libero sit amet neque hendrerit sollicitudin et quis nisi. Mauris eget nisi ultrices, aliquam orci in, malesuada ante. Suspendisse laoreet odio urna, aliquet congue felis tincidunt sed. Aliquam aliquet dui sed neque accumsan facilisis. Cras elementum, metus at consectetur efficitur, nibh tellus fermentum urna, quis posuere justo felis ac sapien. Quisque fermentum enim ex, eget accumsan augue lacinia quis. Curabitur mollis sem lectus, ut commodo sem ullamcorper nec. Aliquam consectetur lobortis lacus, id porttitor nisi feugiat vitae. Duis venenatis at dolor sit amet iaculis.", $194.99 , $157.94 ,42,Samsung,89,Android 4.4.2
34,320135,Galaxy Rugby LTE,"Suspendisse eget euismod odio, at vestibulum sem. Cras vestibulum sodales rutrum. Nullam libero dolor, consectetur hendrerit dui eget, convallis elementum purus. Donec aliquam quis sapien in feugiat. Fusce laoreet interdum augue eu pretium. Ut urna massa, lobortis vel ultricies bibendum, ultrices eget ex. Aenean id pretium mauris. In eu nibh eget dui pellentesque pulvinar. Nunc ut consequat lacus. Aliquam non fringilla risus. Mauris vel sapien justo. Cras eleifend dignissim sapien, scelerisque auctor eros convallis nec."," $1,082.78 "," $1,061.12 ",31,Samsung,53,Android 4.0.4
35,939353,Galaxy S II (I9100),"Vestibulum cursus ut arcu a consectetur. Maecenas non posuere nisi, id porta lorem. Maecenas feugiat vestibulum nibh, vehicula interdum nisi porttitor in. Vivamus semper eros non sodales luctus. Aliquam egestas convallis felis, vel accumsan ipsum auctor sit amet. Morbi id ultricies lacus. In tempor non sapien eu iaculis. Fusce et vestibulum lectus. Nullam mollis facilisis sapien nec porttitor. Mauris tempus eros mauris, at volutpat lacus mattis a.", $987.50 , $898.63 ,43,Samsung,50,Android 2.3.3
36,164031,Galaxy S III,"Mauris id ultricies risus. Pellentesque tristique facilisis turpis eu ullamcorper. Sed eget dui sed metus blandit facilisis ut a odio. Mauris mauris massa, ultricies ut turpis quis, tincidunt consectetur felis. Suspendisse congue fringilla volutpat. Nam facilisis mollis quam, vitae ornare sem rutrum quis. Curabitur a justo a quam cursus fringilla.", $537.50 , $521.38 ,22,Samsung,52,Android 4.3
37,279895,Galaxy S III 4.4 (I337),"Donec scelerisque leo sapien, eget convallis arcu egestas vitae. Cras tincidunt blandit hendrerit. Nullam sit amet congue eros, non accumsan neque. Praesent et eros et sem vehicula tempor. Aliquam erat volutpat. Cras sed massa ac magna iaculis tincidunt ac et urna. Quisque sollicitudin orci nec consectetur placerat. Sed placerat velit vel nibh aliquam rhoncus. Suspendisse nec elit tincidunt, facilisis lorem congue, maximus felis. Integer ullamcorper, velit aliquet mollis porttitor, lacus leo sagittis tortor, sed varius justo magna vitae massa. Nam maximus scelerisque finibus. Curabitur dapibus dui in lobortis interdum. Duis tincidunt ex vitae elit semper, eu rhoncus felis placerat."," $1,079.65 ", $874.52 ,50,Samsung,76,Android 4.4.2
38,283938,Galaxy S III LTE,"Curabitur rutrum sit amet ante in dignissim. Nunc sed sodales mi, tincidunt lacinia elit. Proin pellentesque, eros sit amet scelerisque interdum, felis justo mollis nisl, nec malesuada turpis dolor nec quam. Pellentesque ullamcorper tempor neque ac posuere. Nam posuere massa vel sem condimentum, nec egestas nisl aliquet. Curabitur maximus faucibus felis, ac pharetra elit. Donec volutpat congue dui sed convallis. Duis libero dui, aliquam at efficitur vitae, tempus quis odio. Vivamus vel auctor leo, sit amet lobortis mi. Pellentesque bibendum justo eleifend mi posuere sollicitudin. Maecenas rhoncus nisi vel nulla elementum, quis tempus augue elementum. Ut porttitor eros ut nibh iaculis, aliquet hendrerit dolor lacinia. Curabitur tempor dictum dolor, suscipit pretium lectus congue sed."," $1,228.38 ", $810.73 ,9,Samsung,33,Android 4.3
39,212712,Galaxy S IV 4.2 (I337),"Vivamus accumsan, est at finibus convallis, elit erat luctus lacus, eget ornare tellus leo at odio. Mauris molestie tempor massa, nec pretium orci iaculis nec. Praesent ligula erat, aliquam id finibus consequat, laoreet a eros. Donec tempor sapien id vulputate luctus. Donec lectus arcu, vestibulum ut vestibulum non, scelerisque a arcu. In eget rutrum nibh, varius placerat diam. Vivamus nec feugiat nulla. Cras volutpat malesuada fringilla. Vestibulum eget elit vestibulum, sodales orci a, ullamcorper mi. Nulla eu massa pharetra, euismod velit vitae, tristique eros. Maecenas tempor convallis eros, vel maximus arcu ornare vel. Aliquam tristique ipsum nulla, quis faucibus massa pharetra vitae. Curabitur sit amet blandit tortor, a cursus tellus. Phasellus ultrices varius tortor in facilisis. Phasellus aliquam velit arcu, sed ornare turpis tempor eget. In nec lectus consectetur leo tincidunt consectetur a id ligula.", $791.28 , $609.29 ,18,Samsung,94,Android 4.2.2
40,537701,Galaxy S IV 4.4 (GT-I9505),"Curabitur porttitor at leo eget scelerisque. Nam cursus orci eget urna egestas, id lobortis ante luctus. Donec a sagittis sapien. Phasellus scelerisque vestibulum diam, sollicitudin maximus nisl tincidunt et. Ut convallis nisl gravida, tristique ex eget, dignissim tellus. Sed non orci neque. Curabitur et lacinia augue. Class aptent taciti sociosqu ad litora torquent per conubia nostra, per inceptos himenaeos. Donec sit amet neque ante.", $259.64 , $251.85 ,43,Samsung,69,Android 4.4.2
41,329901,Galaxy S IV 4.4 (I337),"Mauris in consectetur leo. Fusce gravida sem sit amet nulla accumsan condimentum. Nullam vel aliquam justo, at vulputate nunc. Pellentesque tempor velit sed elit sollicitudin, at rhoncus lectus cursus. Ut placerat egestas justo nec tincidunt. Mauris vitae metus sed odio ultricies rhoncus. Praesent volutpat in metus at rhoncus. Proin pulvinar sed mauris tempor eleifend. Ut ullamcorper mollis porttitor. Suspendisse metus erat, bibendum non fermentum non, interdum quis nisi. Integer et tempus felis. Ut at lobortis eros. Ut eget sapien ac magna hendrerit eleifend sed nec ex. Mauris sed enim ac nunc egestas lobortis sed at tortor. Duis id enim consectetur, luctus erat quis, blandit dui. Sed vitae odio vel justo tempor aliquam."," $1,266.27 "," $1,076.33 ",27,Samsung,23,Android 4.4.2
42,299909,Galaxy S IV Mini,"Pellentesque dui mauris, mollis non enim ac, posuere rutrum orci. Mauris nisl sem, consequat eu augue ac, congue dapibus ligula. Sed pretium eget libero sed egestas. Praesent nec iaculis orci, in faucibus est. Nulla non leo in eros placerat accumsan sed quis tortor. Fusce commodo sodales neque, vel vehicula diam feugiat id. Vivamus ac neque erat. Maecenas rutrum gravida nisi at hendrerit.", $374.85 , $299.88 ,29,Samsung,0,Android 4.2.2
,244021,Galaxy S4 Mini (I9190),"Sed non risus odio. Sed aliquam laoreet lacus, a maximus nulla tincidunt non. Vivamus tincidunt dui vitae eleifend rutrum. Nunc ac congue lorem, at ultricies elit. Phasellus eget ligula ac justo venenatis molestie. Suspendisse luctus velit ipsum, at gravida metus cursus ut. Proin ac facilisis nisi.", $614.68 , $516.33 ,21,Samsung,82,Android 4.2.2
,427624,Galaxy S5,"Sed ac varius massa. Sed a lacinia quam. Aliquam mattis hendrerit odio, vitae mattis lorem porta eu. Integer vitae erat id libero condimentum gravida. Duis quis ullamcorper velit, sed semper enim. Nunc eget odio turpis. Aliquam erat volutpat. Nam mollis nunc nec sagittis egestas.", $316.49 , $310.16 ,24,Samsung,68,Android 4.4.2
,220943,Galaxy S5 Sport,"Etiam porta ligula vitae diam ornare ultricies. Proin eget metus tortor. Proin quis libero aliquet, scelerisque lorem ac, volutpat purus. Etiam dignissim lorem eu ipsum aliquet tempor. Ut accumsan venenatis semper. Nulla a mi nec purus viverra tincidunt. Quisque ac lobortis ipsum, sed pharetra mi. Duis vestibulum vulputate nisl, id vulputate eros gravida eget.", $939.40 , $845.46 ,37,Samsung,31,Android 4.4.2
,479748,Galaxy Tab 10.1 ICS (P7500),"Nullam vitae sollicitudin lectus. Etiam vitae ante arcu. Praesent sagittis diam mauris, id placerat odio iaculis vitae. Sed eu tortor nec enim suscipit volutpat. Fusce ante nisi, eleifend vitae justo vitae, tincidunt pretium enim. Integer imperdiet nec urna sit amet auctor. Ut vehicula hendrerit maximus. Nam egestas sed ligula vitae euismod. Phasellus nunc neque, cursus ut egestas ac, vehicula et sem. In urna quam, pretium sed placerat at, pharetra ac orci.", $471.25 , $419.41 ,55,Samsung,45,Android 4.0.4
,717648,Galaxy Tab 3 1.0-P5210,"Cras imperdiet pharetra mollis. Suspendisse posuere nisi et ligula consequat sollicitudin. Phasellus egestas rhoncus erat nec finibus. Curabitur non cursus augue. Duis congue suscipit nisi, at vehicula ipsum lobortis in. Cras at ligula arcu. Quisque vitae enim at ex dignissim congue. Cras erat dui, dictum ut molestie mattis, accumsan sit amet est. Proin scelerisque tortor ac faucibus condimentum. Sed blandit tincidunt leo, et sollicitudin sem vestibulum eu. Pellentesque volutpat erat lacus, in vehicula odio cursus at. Nam ultrices ante a justo mattis, et sodales risus fermentum. Vestibulum aliquet interdum mauris, sit amet eleifend tortor vestibulum et. Morbi quis placerat lectus. Donec aliquam erat eu suscipit tincidunt. Phasellus hendrerit elit eu nisl sodales porta.", $434.07 , $329.89 ,51,Samsung,87,Android 4.2.2
,857039,Galaxy Tab 3 Lite-7.0,"Maecenas augue nisi, rhoncus non tortor et, luctus faucibus odio. Sed gravida in justo sed feugiat. Sed a orci nec eros venenatis cursus vitae consectetur purus. Donec porttitor condimentum purus quis blandit. Integer odio tellus, suscipit in convallis vel, vulputate non mauris. Sed tempus dapibus justo at fringilla. Morbi maximus varius dolor eget aliquam. Praesent luctus pretium eros, id commodo magna commodo vitae. Cras non porttitor elit, vel dignissim diam. Aenean dignissim lectus velit, ut dictum diam condimentum ut. Nullam finibus risus sed lectus accumsan, eget sodales magna pretium. Donec sed nulla fermentum, egestas nisl vel, posuere lorem. Duis sit amet mauris vel risus feugiat tempus.", $786.58 , $637.13 ,30,Samsung,81,Android 4.2.2
,970731,"Galaxy Tab 4 8""","Sed ut dolor lectus. Etiam id malesuada sem, a fringilla dui. Cras porttitor lorem aliquam dui auctor, congue gravida metus dignissim. Praesent in erat sit amet nunc fringilla euismod ut a nunc. Proin elementum leo id auctor imperdiet. Donec eu congue metus. Integer porttitor erat in mi finibus malesuada. Praesent dui arcu, tristique eu ante eget, gravida iaculis dui. Vestibulum posuere condimentum velit, sed sagittis urna. Aenean ac rutrum augue, quis blandit felis.", $805.03 , $571.57 ,30,Samsung,12,Android 4.4.2
,944793,Galaxy Tab S 10.5 T800,"Nunc accumsan pretium nulla, ut elementum sapien. Maecenas ac sodales diam. Mauris pulvinar imperdiet ornare. Quisque elementum risus ut nunc ullamcorper convallis. Ut suscipit ipsum sit amet tempor rhoncus. Quisque volutpat, turpis sit amet gravida pulvinar, eros ante rutrum risus, id tristique lectus velit sit amet dolor. Proin eu molestie nisl.", $122.68 , $87.10 ,29,Samsung,87,Android 4.4.2
,186720,Galaxy Xcover (GT-S5690),"Vestibulum arcu metus, tincidunt ut rutrum ut, congue ac arcu. Maecenas eleifend sollicitudin lorem id vehicula. Maecenas elementum varius interdum. Nunc id felis id dolor dictum scelerisque. Integer fermentum sem id tellus consectetur egestas. Suspendisse ultrices tellus nisl, in mollis lectus rhoncus quis. Suspendisse et leo justo. Suspendisse venenatis lorem convallis neque laoreet, eget ornare mi porttitor. Curabitur vel dui ornare magna venenatis auctor in id ligula. Proin maximus metus nec egestas aliquam. Cras interdum ante eget justo finibus, non tempor odio aliquet. Nam mi eros, mattis eget erat non, sodales maximus est.", $684.39 , $650.17 ,32,Samsung,82,Android 2.3.6
,845652,Golf,"Donec cursus malesuada scelerisque. Phasellus commodo finibus ante et convallis. Nullam sit amet risus ac tellus ornare tristique eget eget nulla. Nam placerat erat ut lacus porttitor condimentum. Curabitur sit amet diam vel nunc lacinia semper quis bibendum arcu. Nam hendrerit in enim sit amet dictum. Nam pulvinar dignissim nibh, id tempor arcu vestibulum vitae. Sed at est volutpat, maximus risus vitae, lobortis lacus. Nam eu dui libero."," $1,099.35 ", $769.55 ,52,HTC,0,Android 4.0.3
,250823,I8190-Galaxy S III Mini (I317),"Cras id sem turpis. Etiam pharetra pellentesque arcu, ac eleifend tortor commodo sed. Donec dictum tortor id pulvinar gravida. In sit amet vulputate nulla. Duis sed nisl at lectus cursus posuere. Proin posuere iaculis massa sed ullamcorper. Morbi a tincidunt lorem. Cras vel volutpat lacus, vitae aliquam tortor. Nulla facilisi. Maecenas faucibus, augue tincidunt gravida imperdiet, urna lorem elementum sapien, in cursus neque sem vel nibh. Vivamus urna libero, faucibus quis gravida eget, accumsan vehicula augue."," $1,028.92 ", $946.61 ,45,Samsung,76,Android 4.1.2
,198837,iPad 2,"Quisque non massa nibh. Curabitur porttitor massa vitae purus venenatis pharetra. Ut pellentesque mi tortor, scelerisque dictum velit porta ut. Phasellus sit amet ipsum maximus, volutpat leo vel, mattis ligula. Quisque eget nunc arcu. In tincidunt suscipit elit, et dignissim diam condimentum id. Phasellus quis vehicula mi. Nunc blandit volutpat iaculis. Nunc gravida felis vitae scelerisque posuere. Etiam tincidunt eget ipsum eu faucibus. Fusce pretium, nulla congue iaculis viverra, mi ante mattis felis, in tempor risus elit nec magna. Proin facilisis aliquam urna, non malesuada velit pretium eget. Pellentesque non nunc vestibulum, rutrum odio et, ornare nunc. Nunc commodo ante sed placerat maximus. Phasellus sodales laoreet libero sit amet feugiat. Suspendisse ultricies vitae tellus et commodo."," $1,107.34 ", $996.61 ,8,Apple,60,iOS 7.1.2
,881901,iPad 4,"Integer vel purus at libero maximus aliquet. Duis ante magna, ultrices a sem at, blandit pharetra diam. In maximus, lorem nec lobortis volutpat, leo massa hendrerit ligula, ut auctor nunc ex ac mauris. Maecenas condimentum efficitur sapien. Fusce finibus erat at ultricies interdum. Nunc vitae lacus ante. Donec lorem purus, gravida eget aliquam vitae, eleifend eget nisl. Morbi in porta lacus, et dignissim nulla. Sed odio neque, rhoncus a urna sed, accumsan eleifend justo. Vivamus id elit pulvinar, auctor dolor id, varius diam. Nulla pellentesque tellus vel lorem congue rhoncus. Donec egestas a neque non facilisis. Cras vitae congue lacus. Curabitur sed finibus purus.", $531.04 , $371.73 ,4,Apple,91,iOS 8.0
,910113,iPad Air,"Nulla et ultricies libero. Suspendisse eget nulla vitae magna placerat porttitor ut eu nisi. Aenean ante odio, pharetra in velit a, tempor faucibus metus. Mauris condimentum vehicula sodales. Curabitur ornare augue eu eros ornare lacinia. Nunc viverra auctor nisl. Sed rhoncus sagittis arcu quis tincidunt.", $369.27 , $258.49 ,30,Apple,18,iOS 8.0
,250203,iPad Mini,"Donec eu congue tellus, in lacinia lacus. Ut rutrum nisl arcu, nec feugiat lorem iaculis id. Quisque semper orci eget mauris euismod elementum at ac tortor. Integer in tortor congue, rutrum nisl nec, efficitur tortor. Quisque viverra est eu lectus pharetra, quis blandit justo ornare. Vestibulum consequat pellentesque risus. Integer faucibus euismod condimentum. Vestibulum a nisl libero. Praesent quis nunc turpis. Suspendisse dui dolor, pulvinar sed pellentesque id, mollis eget leo. Nam venenatis, tellus non scelerisque commodo, nibh nulla accumsan nisl, sed porttitor lacus magna eget ipsum. Praesent ut turpis diam. Quisque egestas dapibus pharetra."," $1,195.42 "," $1,028.06 ",54,Apple,10,iOS 8.0
,267318,iPad Mini 2,"Aenean mollis, erat sit amet gravida venenatis, turpis nisl dignissim elit, vel consectetur sem magna non augue. In commodo, eros sit amet blandit imperdiet, magna felis aliquet enim, id posuere tortor justo et lorem. Nulla convallis est nibh, eget dictum ipsum gravida in. Suspendisse sed est vel sapien consectetur pharetra vitae et odio. Aenean est ligula, malesuada vel hendrerit eget, pulvinar sed mi. Praesent id sapien purus. Nulla eget diam et quam rutrum dictum. Donec scelerisque felis sed tincidunt vulputate. Sed nec orci vel justo eleifend porta. Sed consequat odio non mauris convallis, non sodales est luctus.", $928.13 , $891.00 ,30,Apple,49,iOS 8.0
,665209,iPad Mini 3,"Etiam sollicitudin pharetra arcu, nec pulvinar neque venenatis in. Morbi porta ante risus, ut interdum augue finibus quis. Phasellus odio enim, fringilla ac tincidunt sit amet, commodo eget felis. Aenean at lobortis diam, nec mattis libero. Pellentesque velit turpis, fringilla quis scelerisque a, tempor at dolor. Pellentesque porttitor ligula at nisi sodales volutpat. Suspendisse tortor purus, accumsan in sem id, vulputate dictum magna. Morbi molestie rhoncus nibh, a hendrerit nisi cursus a.", $978.00 , $841.08 ,47,Apple,48,iOS 8.0
,672381,iPhone 3GS,"Integer id dui sed ante elementum rutrum in at dolor. Aliquam at nisi non sem consectetur finibus. Pellentesque vulputate in nisi vel lobortis. Nam ultrices vitae sapien nec pharetra. Maecenas ornare, metus non egestas efficitur, nunc ante rhoncus ligula, vel fringilla tortor purus et turpis. Donec sapien libero, rhoncus et cursus at, viverra vitae turpis. Curabitur iaculis ut lectus vel vulputate. Proin quis lectus quis justo euismod rhoncus. Vestibulum maximus lectus vitae velit suscipit, non efficitur mi ullamcorper."," $1,125.39 ", $967.84 ,17,Apple,86,iOS 6.1.3
,644110,iPhone 4,"Morbi feugiat pellentesque ligula, a tristique quam fringilla sit amet. Phasellus fermentum, quam dictum sollicitudin placerat, lectus massa semper orci, in fermentum velit mauris sit amet nisi. Nunc sed ipsum pulvinar, consectetur est sit amet, sollicitudin tortor. Sed eget nulla id arcu tincidunt auctor eget ut enim. Aenean vitae sagittis nunc. Suspendisse eleifend, ligula id imperdiet accumsan, leo diam mattis massa, ac faucibus justo ante quis tellus. Nunc finibus lectus lacus, in convallis odio aliquet a. Nulla eu ultrices ex. Fusce aliquam urna ut nisl dictum luctus. Phasellus molestie blandit varius. Sed ultrices lacus quis lacus laoreet lacinia. Vestibulum sem nisi, pulvinar sed ante nec, ultricies sagittis turpis. In iaculis odio mauris, a finibus lacus convallis vitae. Aliquam eros purus, viverra feugiat ligula at, fermentum dapibus arcu. Nunc lectus mi, gravida quis tortor quis, gravida fringilla dolor.", $729.07 , $670.74 ,34,Apple,31,iOS 6.1.3
,183317,iPhone 4S,"Mauris molestie porta sem, ut bibendum mi euismod id. Ut quis purus hendrerit, tempor turpis et, congue dui. Nulla sem nulla, dictum non luctus id, bibendum gravida lorem. Nam rutrum mauris nunc, vitae vestibulum metus vehicula eget. Mauris tincidunt mattis lacus, at bibendum ante lobortis ut. Nulla mollis tempor sollicitudin. Mauris maximus varius dolor, quis scelerisque quam ultricies a. Suspendisse viverra diam quis luctus mattis."," $1,287.86 "," $1,159.07 ",7,Apple,0,iOS 8.0
,598312,iPhone 5,"Aliquam neque nulla, hendrerit quis convallis eget, porta sed nisl. Vestibulum non massa tellus. Pellentesque a sem at sem rhoncus placerat. Donec dolor erat, pulvinar ac dolor ac, feugiat laoreet ipsum. Mauris non turpis semper, blandit urna ut, pellentesque justo. Sed sodales justo rhoncus mauris placerat blandit. Etiam convallis venenatis elit, ac porttitor ex elementum et. Sed sed risus mi. Ut ligula sapien, sollicitudin quis ornare ut, fermentum ornare ante. Proin iaculis, ante ac rhoncus aliquet, turpis ante aliquet nulla, ac feugiat justo nunc at felis. Proin sed urna massa.", $671.69 , $497.05 ,22,Apple,94,iOS 7.1.2
,529473,iPhone 5C,"Maecenas ac venenatis velit, et iaculis velit. Duis volutpat luctus leo, ac congue est sodales id. Donec sit amet ex aliquam, faucibus metus ut, interdum odio. Aliquam purus sem, suscipit in aliquet ac, laoreet et dui. In posuere imperdiet odio vel egestas. In vehicula ante et ligula gravida, eget placerat ligula lobortis. Vestibulum nec diam lacinia, efficitur ipsum quis, efficitur purus. Donec elementum pulvinar commodo. Suspendisse porttitor ligula bibendum nibh fringilla sagittis. Donec ut magna at est feugiat feugiat.", $479.49 , $321.26 ,31,Apple,84,iOS 7.1.2
,284627,iPhone 5S,"Sed lacinia semper dapibus. Nunc mattis vel risus ac dignissim. Quisque metus mi, efficitur in eleifend sed, consequat eget metus. Vestibulum feugiat placerat ipsum, sed dictum nisi eleifend vitae. Quisque feugiat bibendum mauris in sagittis. Integer sit amet massa vel massa efficitur laoreet at at lacus. Aliquam euismod imperdiet laoreet. Etiam enim tellus, imperdiet scelerisque nibh eget, fringilla scelerisque nulla. In quis libero vitae mi interdum ultricies.", $689.04 , $551.23 ,48,Apple,75,iOS 8.0
,646944,iPhone 6,"Nunc scelerisque nibh diam, vel dapibus massa auctor nec. Duis ac leo at enim varius consectetur. Suspendisse consequat dapibus dolor in egestas. Sed ullamcorper arcu non posuere dapibus. Nunc at cursus lectus. Curabitur hendrerit, erat sed faucibus viverra, magna dui condimentum orci, non venenatis magna mi quis sem. Maecenas pellentesque turpis vitae est posuere cursus. Ut ultricies sit amet neque vel maximus. Morbi pellentesque nec sem eu fringilla. Suspendisse egestas vestibulum posuere. Nullam in ipsum mollis, iaculis eros at, tincidunt ante. Pellentesque accumsan massa sed ipsum efficitur facilisis. Mauris ante leo, semper eget gravida a, auctor et ligula. Sed faucibus quis orci ac cursus. Mauris in vestibulum purus.", $227.11 , $186.23 ,16,Apple,85,iOS 8.0
,355005,iPhone 6 Plus,"Morbi tristique felis est, ac mollis massa facilisis at. Proin justo metus, accumsan ac commodo quis, tristique non erat. Suspendisse tincidunt eu nibh a gravida. Nunc venenatis et ligula sed scelerisque. Morbi nec congue tortor, fringilla feugiat nulla. Sed sed risus efficitur, consequat leo ut, venenatis urna. Fusce posuere mauris ipsum, vehicula congue quam aliquam quis. Sed pretium, augue ac tincidunt rutrum, lorem tortor dignissim purus, a auctor sem mi vel metus. Nunc varius enim et facilisis maximus. Nam odio quam, ornare vel viverra eu, hendrerit sed dolor. Suspendisse viverra massa augue, vel suscipit dui bibendum quis. Sed sit amet facilisis augue.", $399.20 , $315.37 ,29,Apple,38,iOS 8.0
,935304,iPhone Mini,"Donec feugiat posuere mollis. Mauris eleifend, sapien a accumsan malesuada, orci nulla luctus arcu, in viverra tortor ante non diam. Curabitur blandit nunc ut eros tempus accumsan. Curabitur ullamcorper, eros sed accumsan ullamcorper, tellus odio molestie arcu, sit amet rhoncus ipsum turpis vel libero. Nulla in libero nibh. Sed viverra interdum nisi, nec tincidunt lacus. Mauris vitae facilisis massa, vel tempor magna. Suspendisse sed imperdiet erat. Etiam aliquet, lectus suscipit hendrerit euismod, libero urna pharetra odio, eget fermentum nisl nibh tincidunt ante. Maecenas ullamcorper est risus, vel lobortis orci dignissim vitae.", $631.12 , $498.58 ,2,Apple,54,iOS 7.0
,875430,iPod Touch 4,"Nam quis massa nec eros semper elementum in eu turpis. Maecenas posuere pulvinar aliquet. Mauris mattis augue eget tincidunt hendrerit. Nam nisl justo, tempus ut sagittis vitae, hendrerit vitae mi. Integer vestibulum ultricies mi non mollis. Aenean eleifend turpis non nulla viverra euismod vitae vitae magna. Maecenas et faucibus odio. Nam fermentum blandit purus, in cursus massa sodales id. Mauris vel dolor varius, luctus ipsum a, ullamcorper nisi. Class aptent taciti sociosqu ad litora torquent per conubia nostra, per inceptos himenaeos. In blandit maximus nisl, gravida bibendum tortor venenatis a. Integer vitae pulvinar erat. Interdum et malesuada fames ac ante ipsum primis in faucibus. Sed pretium ultrices lorem sed placerat. Morbi dapibus nec nisl sed suscipit.", $824.18 , $741.76 ,44,Apple,53,iOS 6.1.6
,980789,Kindle Fire HDX,"Nulla ut odio hendrerit, vulputate nisl ut, gravida mauris. Morbi iaculis lorem sit amet enim pellentesque, a bibendum sapien pulvinar. Sed sed vehicula augue. Sed suscipit justo vitae dui lacinia, nec commodo nunc laoreet. Quisque rhoncus nec dolor et egestas. Pellentesque enim metus, suscipit sed mollis id, faucibus sit amet mi. Praesent placerat lacus sed arcu gravida, nec rhoncus enim pellentesque. Maecenas elit mi, lobortis ut nisi ac, iaculis gravida eros. Vestibulum ante ipsum primis in faucibus orci luctus et ultrices posuere cubilia Curae; Integer bibendum, leo a sodales tristique, urna leo placerat erat, in auctor ipsum massa ac augue. Suspendisse ex justo, vulputate et massa nec, congue auctor ante. Suspendisse potenti. Vestibulum sed velit risus. Praesent sed justo ac est ornare vulputate at at nibh."," $1,018.91 ", $957.78 ,41,Amazon,12,Android 4.2.2
,140238,Lumia 620,"Duis id purus mollis, iaculis ligula a, dapibus justo. Fusce commodo est non ante cursus gravida. Duis viverra volutpat nisi sed consequat. Suspendisse vitae justo quam. Donec porttitor nisi quis magna dignissim feugiat. Fusce risus neque, porta id nunc in, pretium cursus lacus. Vestibulum suscipit felis odio, et dapibus sem rutrum a. Pellentesque rutrum, odio ut volutpat iaculis, est justo interdum elit, at scelerisque elit lectus ac neque. Praesent egestas lorem eu magna luctus, non tristique ante consectetur. In hendrerit varius est, id maximus orci volutpat ut. Sed id ipsum et augue elementum laoreet. Pellentesque eget eleifend leo.", $348.23 , $302.96 ,48,Nokia,91,Windows Phone
,778000,Lumia 920,"Nam sit amet sapien enim. Nam eget accumsan libero, ut maximus orci. Cum sociis natoque penatibus et magnis dis parturient montes, nascetur ridiculus mus. Vestibulum in mi sed neque pharetra lobortis. Aenean sagittis vel ex dictum porta. Donec nec mi eu lectus interdum convallis. Nunc rutrum eros et lorem sagittis sollicitudin. Suspendisse potenti. Integer malesuada, elit non convallis placerat, nulla lorem fringilla nunc, vitae laoreet risus lacus nec diam. Quisque ante velit, sodales et enim id, sodales varius est.", $347.88 , $226.12 ,24,Nokia,73,Windows Phone
,368782,Lumia 928,"Morbi risus dolor, accumsan vel cursus nec, viverra sed leo. Fusce ac lorem et orci finibus faucibus. Mauris feugiat rutrum diam, ut pulvinar leo malesuada non. Vestibulum ante ipsum primis in faucibus orci luctus et ultrices posuere cubilia Curae; Aliquam convallis lobortis sapien, et euismod enim lacinia eget. In vitae accumsan ex. Cras feugiat euismod venenatis. Suspendisse id volutpat nisi, quis ullamcorper felis. Class aptent taciti sociosqu ad litora torquent per conubia nostra, per inceptos himenaeos. Ut rhoncus tincidunt mauris, nec efficitur metus rhoncus sed.", $183.68 , $180.01 ,49,Nokia,58,Windows Phone
,508536,Moto E,"Quisque at ligula id massa rhoncus auctor. Maecenas non porta ligula. Donec ut mattis tellus. Donec vehicula congue elementum. Curabitur eleifend id enim at hendrerit. Pellentesque at arcu et nibh maximus ultrices. Aenean blandit tincidunt nunc eget fermentum. Ut et purus mollis, ornare dolor sed, consectetur enim. Mauris ante nulla, dapibus sit amet erat sit amet, fermentum sagittis velit. Aenean tristique rutrum purus, sit amet posuere dui vestibulum ut. In eget libero turpis. Curabitur quis nunc libero. Ut rhoncus magna elit, ut dapibus leo egestas sit amet. Suspendisse non nibh feugiat, luctus magna ut, lobortis leo.", $187.58 , $165.07 ,48,Motorola,22,Android 4.4.3
,648121,Moto G,"Aliquam erat volutpat. Morbi dictum nisl ac lacinia sollicitudin. Curabitur vulputate, urna eu accumsan volutpat, justo lacus pharetra diam, et consequat sem turpis ac urna. Vestibulum ante ipsum primis in faucibus orci luctus et ultrices posuere cubilia Curae; Integer varius gravida odio, vel aliquam arcu congue id. Cras in consequat sem, id vulputate ipsum. Vestibulum iaculis rutrum eros, ut vestibulum nunc imperdiet et. Aenean a elit maximus nisi pellentesque dictum. Vestibulum auctor id felis ac tincidunt.", $403.36 , $391.26 ,52,Motorola,47,Android 4.4.4
,124404,Nexus 10,"Donec luctus velit non arcu dapibus, lacinia aliquet nisi interdum. Interdum et malesuada fames ac ante ipsum primis in faucibus. Pellentesque sagittis ut urna id vulputate. Aliquam a sagittis lectus. Etiam nisi quam, facilisis nec dui nec, feugiat elementum quam. Etiam eu sapien vel nunc varius finibus. Nullam ullamcorper rhoncus aliquam. Curabitur facilisis lacus tellus, sed placerat ex sagittis maximus. Praesent vulputate pretium lacus quis maximus.", $915.09 , $814.43 ,42,Google,35,Android 4.4.2
,829708,Nexus 4,"Nulla facilisi. Cras nisl massa, interdum id mattis sagittis, bibendum nec quam. Nunc mollis pellentesque consequat. Nullam et odio metus. Suspendisse potenti. Nullam interdum, mauris eu facilisis dapibus, ipsum nunc faucibus quam, at malesuada nibh elit sed nunc. Class aptent taciti sociosqu ad litora torquent per conubia nostra, per inceptos himenaeos. In eleifend lobortis justo vel aliquam. Morbi urna ex, posuere in lacus commodo, rutrum consectetur enim. Vestibulum arcu metus, lobortis non lacus quis, cursus aliquam sem. Etiam tempor fermentum tempor."," $1,272.19 "," $1,208.58 ",24,Google,50,Android 4.4.2
,507274,Nexus 5,"In vulputate sit amet nulla at mollis. Integer commodo feugiat quam, nec faucibus dui pharetra nec. Praesent et faucibus tortor. Etiam eu maximus augue. Morbi rhoncus, sapien et pulvinar porttitor, leo lacus ultricies neque, ac interdum velit lacus sit amet turpis. Cras mollis metus a dui ornare venenatis. Nam quis nisl sem. Etiam facilisis pulvinar diam vel interdum. Cras convallis tellus justo, eget tempus est malesuada et. Etiam eget eros a odio lacinia varius eget nec metus. Pellentesque cursus eros eget nibh convallis iaculis. Vivamus a elementum ex, in porttitor ligula. Vivamus tempus sem nibh, vitae egestas nunc interdum ac. Sed eget hendrerit metus. Pellentesque auctor tortor at sapien consequat, non pharetra ipsum sollicitudin. Pellentesque habitant morbi tristique senectus et netus et malesuada fames ac turpis egestas.", $870.72 , $731.40 ,17,Google,12,Android 4.4.4
,261333,Nexus 7,"Mauris maximus nibh nibh, vitae hendrerit diam consectetur nec. Vestibulum condimentum, felis elementum pulvinar tristique, felis felis imperdiet libero, nec commodo metus libero id ipsum. Duis laoreet malesuada nibh in semper. In eros risus, volutpat ut velit ut, vehicula fringilla tellus. Aliquam vel dignissim ligula, sit amet lobortis libero. Donec in lacinia arcu. Vestibulum a metus quis sapien tristique tempor. Morbi eleifend justo in nibh bibendum, quis placerat ligula tristique. Duis placerat maximus neque at pulvinar. Maecenas iaculis risus turpis, vitae tincidunt nunc lacinia nec. Aliquam gravida, dui nec sodales egestas, felis ipsum sagittis arcu, vitae dapibus nulla diam in purus. Phasellus sit amet ipsum feugiat, viverra libero vel, aliquet quam. Nulla facilisi. Sed vel finibus leo. Sed congue ut quam et tempor. Donec mollis at eros eu vehicula.", $720.67 , $547.71 ,30,Google,71,Android 4.2.2
,235069,Nexus 7 2013,"Etiam nec euismod felis. Donec venenatis purus ipsum, non fringilla ipsum hendrerit ac. Suspendisse potenti. Suspendisse condimentum eget nunc nec placerat. Pellentesque habitant morbi tristique senectus et netus et malesuada fames ac turpis egestas. Ut gravida egestas ex, non gravida erat cursus a. Morbi ac aliquet ex. Ut iaculis consequat ante sed facilisis. Cras sit amet luctus ligula.", $656.12 , $524.90 ,38,Google,66,Android 4.4.2
,818085,Nexus 9,"Phasellus vel ullamcorper leo, id dignissim magna. Integer ac nibh ut ex placerat feugiat. Sed hendrerit sodales ipsum. Nam pulvinar turpis enim, vel tempor risus semper cursus. Vestibulum sollicitudin dui ac diam pretium pharetra. Fusce quam orci, finibus vitae fermentum nec, vulputate id leo. Mauris gravida mauris sed consectetur faucibus. Morbi at fermentum eros, a maximus libero. Mauris eu suscipit dui. Nullam pharetra tortor in maximus scelerisque. Suspendisse vel accumsan sem.", $539.89 , $356.33 ,36,Google,18,Android 5.0 L
,658259,Nexus S Digital,"Integer lacinia mollis eros, sit amet elementum nisl suscipit a. Proin interdum bibendum quam, id sollicitudin nisi vehicula quis. Fusce interdum felis id gravida tristique. Vivamus venenatis tincidunt elit vel tincidunt. Quisque rhoncus blandit lectus, sed ultricies elit tincidunt id. Phasellus quis velit quis urna condimentum auctor. Ut vestibulum gravida tristique. Mauris venenatis diam quis massa posuere, vel egestas odio finibus. Morbi tincidunt purus in mi imperdiet dictum. Maecenas viverra vulputate velit, eget maximus ligula consequat sit amet. Nam porta at tortor quis egestas. Nulla vulputate metus id eros mattis congue. Nullam imperdiet nunc et maximus pretium. Morbi hendrerit, quam nec egestas faucibus, ante dui blandit lorem, nec tempor urna erat posuere magna. Quisque ullamcorper consequat felis in eleifend.", $593.44 , $551.90 ,12,Samsung,15,Android 4.1.2
,148160,One M8,"Curabitur mattis pulvinar laoreet. Sed vulputate magna pretium lectus vehicula porttitor et commodo erat. Nunc pretium diam nec maximus dapibus. Phasellus at erat nisl. In varius nibh nisi, eget placerat ligula volutpat sed. In laoreet leo bibendum, cursus libero at, molestie neque. In interdum orci massa, in consectetur nibh sollicitudin ornare. Vestibulum vitae leo non sem consequat tempor vitae nec est. Fusce a fringilla velit, non congue libero. Sed a erat est. Donec dignissim, dui sit amet hendrerit malesuada, tortor turpis posuere sem, eu sodales arcu dui sit amet diam. Praesent sapien magna, mollis eu tortor nec, posuere porta nulla.", $439.76 , $334.22 ,53,HTC,49,Android 4.4.2
,348620,One Max,"Suspendisse viverra vel augue at accumsan. Phasellus sollicitudin fringilla mi, quis auctor nibh. Cras mattis, felis in placerat varius, massa nisi vulputate risus, at pulvinar diam massa ut odio. Etiam egestas lacinia nisi vitae varius. Quisque malesuada at ipsum ut vestibulum. Sed sed dolor tincidunt, pharetra magna a, imperdiet purus. Phasellus et eros ex. Maecenas mattis ultrices imperdiet. Aliquam hendrerit ornare ultrices. Phasellus sit amet massa in nisi bibendum tincidunt sit amet vel mi. Curabitur non sem in odio egestas dictum sit amet non tellus. Cras blandit nulla quis elit posuere, ut vulputate tortor placerat. Curabitur efficitur condimentum erat et malesuada. Phasellus a est non mauris facilisis venenatis ut eu turpis."," $1,037.14 ", $943.80 ,54,HTC,23,Android 4.3
,326208,One Mini,"Suspendisse non eros vitae elit rhoncus venenatis nec et arcu. Aliquam quis tristique justo. Praesent rutrum tellus vitae feugiat cursus. Donec magna quam, interdum tempor libero quis, sollicitudin tincidunt massa. Aenean rutrum congue vestibulum. Duis lacinia mauris nunc, vitae sollicitudin diam tincidunt rutrum. Vestibulum sed placerat urna.", $565.32 , $395.72 ,9,HTC,0,Android 4.4.2
,468955,One S,"Mauris sodales vel sapien a ornare. Proin vitae porta mauris. Morbi id arcu ipsum. Phasellus blandit sed sem in ullamcorper. Nunc laoreet vestibulum lorem, id auctor ipsum scelerisque eget. Pellentesque sollicitudin metus tellus, ac pharetra nisi suscipit vel. Aenean posuere id elit id mattis. Quisque sagittis ultricies mauris nec sodales. Vestibulum massa nulla, egestas ultrices pulvinar et, dignissim eget nisl. Duis interdum magna sit amet aliquam accumsan. Vivamus et mattis nisi, eu eleifend elit. Vivamus vitae iaculis erat, ac lobortis lectus.", $472.65 , $378.12 ,29,HTC,39,Android 4.0.4
,628860,One Touch Fierce,"Suspendisse potenti. Praesent fringilla odio in euismod iaculis. Donec faucibus sed justo at faucibus. Curabitur et massa id neque accumsan condimentum a eu dolor. Proin quis nibh pretium, volutpat eros vitae, aliquam lectus. Mauris ullamcorper lacus non commodo porta. Sed in luctus augue. Sed vitae mattis ex. Donec mi massa, tempus at dolor at, consequat maximus nulla. Aenean pretium enim dui, id aliquet risus vestibulum ut."," $1,105.48 ", $784.89 ,25,Alcatel,59,Android 4.2.2
,378417,One Touch Idol Mini,"Donec quis tortor massa. Nulla sit amet justo non magna rutrum blandit. Integer cursus dolor eget tincidunt dictum. In lectus est, bibendum et tellus ut, varius euismod ante. Suspendisse egestas, arcu at varius porta, erat velit rhoncus quam, non pellentesque ipsum eros et ante. Proin eu mattis diam. Vestibulum sagittis lacus vitae rutrum ornare. Donec vel erat eget nisi maximus pulvinar nec vitae ipsum. Quisque pellentesque diam blandit leo vehicula sagittis. Cum sociis natoque penatibus et magnis dis parturient montes, nascetur ridiculus mus. Nullam semper, diam sed varius venenatis, lectus dolor luctus lectus, vel facilisis arcu arcu id tortor. Interdum et malesuada fames ac ante ipsum primis in faucibus. Maecenas fringilla ipsum et lorem placerat auctor. Vestibulum sed odio eu justo tempus pellentesque. Cras eu dui interdum, dignissim felis sed, varius odio."," $1,195.72 ", $837.00 ,15,Alcatel,79,Android 4.2.2
,236954,One Touch Idol X,"Nullam interdum ante mi, id ullamcorper sem condimentum sed. In quis dapibus tortor, vitae viverra lacus. Ut tincidunt quam diam, placerat eleifend enim tempor vel. Quisque bibendum mattis ultrices. Aliquam varius varius leo, convallis ornare nibh sodales non. Nam elementum magna non orci aliquam blandit. Aliquam placerat risus id est lobortis, non tristique quam ullamcorper. Mauris fringilla, orci eget molestie aliquet, erat leo accumsan eros, consequat sodales libero risus id diam.", $491.27 , $363.54 ,43,Alcatel,65,Android 4.2.2
,790133,One Touch POP 7,"Sed hendrerit dapibus lacus sed ornare. Quisque ut ultrices ipsum. Nulla scelerisque in est vitae consequat. Sed sed condimentum orci. In hendrerit pharetra nisl, at volutpat sapien. Donec eu tellus at justo auctor mollis. Nulla convallis faucibus imperdiet. Mauris interdum libero malesuada orci tempor bibendum. Lorem ipsum dolor sit amet, consectetur adipiscing elit. Cras bibendum elementum arcu, bibendum gravida mi fermentum nec. Phasellus tincidunt tempus metus eget consectetur."," $1,217.08 "," $1,107.54 ",36,Alcatel,63,Android 4.2.2
,641438,One X,"Praesent magna leo, consectetur et tincidunt sed, dapibus sed tellus. Duis maximus, ipsum a euismod viverra, felis mi dignissim mauris, nec efficitur arcu purus a sapien. Etiam tincidunt turpis urna, quis facilisis ipsum imperdiet eu. Donec justo elit, finibus id nisi at, varius cursus eros. Donec metus ante, luctus at augue at, tempor molestie diam. Sed et condimentum nulla. Integer vulputate suscipit congue. Etiam a hendrerit dolor, quis tempor elit. Suspendisse semper at ex luctus dignissim. Suspendisse dictum, purus vitae scelerisque porta, nibh dolor molestie magna, non dapibus tortor arcu vitae orci.", $208.73 , $181.60 ,12,HTC,24,Android 4.0.3
,355906,One XL,"Curabitur vitae massa elementum metus dictum facilisis ut eu risus. Nam mollis quis nulla in congue. Sed aliquam lacus vitae lorem interdum sollicitudin. Donec mollis ante id neque malesuada cursus. Suspendisse vehicula orci tellus, a luctus ante viverra eget. Aliquam turpis risus, interdum sit amet sollicitudin non, fermentum non enim. Donec faucibus massa pharetra, tincidunt arcu in, porta ante. Etiam vel auctor risus. Fusce nec sapien venenatis, interdum mi hendrerit, viverra tortor. Nunc lobortis venenatis dui, at auctor massa pretium vel. Nam iaculis nunc eget bibendum luctus.", $853.90 , $666.04 ,25,HTC,10,Android 4.2.2
,715411,Optimus F3 P659,"Aliquam erat volutpat. Nullam molestie sapien urna, sit amet tincidunt sem mattis non. Quisque tincidunt id est eget vestibulum. Nam maximus, ante vel fermentum accumsan, magna nulla congue neque, ac pharetra nisl ante vel velit. Donec ante ante, lobortis et sapien sed, volutpat cursus ex. Nam sit amet cursus dui. Sed facilisis purus sit amet odio tempus, eu ultricies metus pretium. Curabitur eget ipsum in urna pellentesque laoreet. Lorem ipsum dolor sit amet, consectetur adipiscing elit. Nulla facilisi. Curabitur finibus sollicitudin metus, ac consequat urna pellentesque ut. Vestibulum nec ligula non sem facilisis suscipit in quis libero. Interdum et malesuada fames ac ante ipsum primis in faucibus. Ut a sodales libero. Aliquam tincidunt lacinia risus quis bibendum."," $1,132.81 ", $928.90 ,10,LG,59,Android 4.1.2
,988312,Optimus L5 E617G,"Mauris vel volutpat risus. Morbi id viverra augue. Suspendisse laoreet sed lacus cursus placerat. Nunc id sapien pharetra, fringilla sapien vitae, viverra enim. Ut volutpat nibh non sem viverra pulvinar. In pretium ante diam, vel faucibus magna tempus et. Proin aliquam dignissim nisl, tempor tempus massa aliquam eget. Maecenas euismod interdum dui, at gravida sem tempor vel. Quisque nec tortor a velit ullamcorper volutpat non quis orci. Integer ac sem sapien.", $394.97 , $355.47 ,50,LG,50,Android 4.1.2
,847604,Padfone Infinity,"Aliquam fermentum posuere elit non congue. Nunc blandit non ex sit amet condimentum. Fusce quis magna in erat rutrum volutpat. Aliquam libero velit, congue ut tortor quis, molestie aliquam lacus. Proin semper malesuada sapien, ornare vulputate risus sagittis a. Aliquam dignissim nulla non purus suscipit, ac placerat erat feugiat. In scelerisque porttitor velit vitae vestibulum.", $866.62 , $797.29 ,5,Asus,19,Android 4.1.2
,271009,S730M,"Morbi vitae porttitor est. Curabitur a velit mollis, molestie leo id, lobortis arcu. Integer facilisis convallis arcu id hendrerit. Phasellus elementum placerat mauris, sed sollicitudin ex. Morbi vehicula nisl in neque sollicitudin, ac bibendum orci maximus. Praesent ut lorem leo. Nam bibendum nec nisi aliquam luctus. Fusce convallis et nunc malesuada gravida. Proin a maximus sem. Sed sem orci, hendrerit a risus id, luctus faucibus ligula. Proin fermentum mattis nisl non rhoncus. Duis dignissim venenatis elit in tempus. Sed ullamcorper, mi vel commodo hendrerit, lacus libero placerat odio, et maximus dui mauris non elit."," $1,199.93 ", $863.95 ,50,Samsung,42,Android 4.0.4
,433442,Sensation,"Pellentesque sollicitudin enim ipsum, eget sodales eros sollicitudin et. Aliquam libero ligula, mollis at metus quis, vulputate luctus elit. Phasellus et velit in erat molestie pretium sed nec magna. Suspendisse potenti. Ut tellus orci, convallis sed magna hendrerit, ultrices posuere lectus. Sed rhoncus nisi augue, id finibus turpis finibus tincidunt. In gravida velit sit amet fringilla tristique. Phasellus ultricies massa at convallis ullamcorper. Donec euismod nisi a justo condimentum, in scelerisque eros tempor. Nunc auctor vitae sem et dictum. Pellentesque habitant morbi tristique senectus et netus et malesuada fames ac turpis egestas. Donec ultricies, ipsum eu lobortis mollis, tortor sapien mattis libero, nec blandit eros risus vel ligula. Suspendisse dapibus, mi sit amet pellentesque dictum, ante dui vulputate nibh, ut dignissim purus nulla eu ipsum. Integer et tortor eu quam euismod fringilla at sit amet erat. Suspendisse rhoncus odio tortor, malesuada fermentum magna euismod vitae."," $1,070.56 ", $920.68 ,1,HTC,48,Android 4.0.3
,477836,SGH-I537 4.2,"Etiam vulputate placerat nunc eu malesuada. Aenean efficitur ligula sit amet arcu bibendum luctus. Sed et molestie massa, et mollis erat. Suspendisse rutrum nulla et nisl tristique mollis. Etiam ac nunc nisl. Sed arcu nisi, luctus a interdum in, condimentum quis nunc. Sed sed laoreet purus. Mauris pulvinar quam in mi porta, et aliquam neque venenatis. Vivamus vestibulum blandit ex vitae eleifend. Fusce metus metus, rhoncus eget hendrerit vitae, lobortis in odio."," $1,182.86 "," $1,171.03 ",4,Samsung,56,Android 4.2.2
,656371,Thunderbolt,"Donec commodo mauris eget commodo sodales. Suspendisse eu lobortis lectus. Nullam a pharetra augue, id condimentum ante. Nunc blandit hendrerit tristique. Aenean ultricies et tortor id euismod. Duis nibh nibh, vulputate non commodo vitae, lobortis vel felis. Sed vehicula odio sed egestas suscipit.", $693.53 , $561.76 ,7,HTC,7,Android 4.0.4
,425475,Windows Phone 8X,"Morbi vel nibh et risus pretium consequat sit amet in nulla. Pellentesque ut gravida mi. Vestibulum sit amet iaculis nibh. Suspendisse a massa ac sem tincidunt rhoncus. Morbi malesuada, mi id aliquam iaculis, nibh urna accumsan magna, et placerat ipsum diam non massa. Nunc tortor erat, tincidunt sed est id, vulputate venenatis dolor. Vivamus et efficitur nisi.", $163.83 , $111.40 ,9,HTC,71,Windows Phone
,851350,Xperia E1,"Sed at imperdiet justo. Pellentesque pharetra diam est, quis finibus augue feugiat ut. Fusce lorem quam, sollicitudin quis fermentum ut, tincidunt ac arcu. Sed porttitor lectus vitae vestibulum efficitur. Pellentesque finibus egestas nisl sed fringilla. Sed convallis, odio ut auctor pretium, enim velit ultricies erat, id pellentesque enim nulla sed diam. Etiam quis lorem arcu. Quisque vitae neque et lectus pharetra hendrerit. Donec lacinia scelerisque vulputate. Maecenas eget sem pretium, lacinia nunc eu, faucibus urna. Nam lobortis dui vitae lectus pellentesque semper. Vivamus sit amet volutpat lorem, at volutpat enim. Fusce metus massa, dapibus vel imperdiet ac, ultricies at turpis."," $1,241.43 "," $1,129.70 ",16,Sony,79,Android 4.3
,572865,Xperia M,"In hac habitasse platea dictumst. Fusce fermentum, ligula vel egestas ornare, urna est interdum ex, et mollis turpis nibh vel nulla. Pellentesque vitae vulputate ante. Ut mattis diam ac nibh feugiat, sit amet vulputate dolor rhoncus. Aenean in est ac velit laoreet rutrum. Sed ac maximus purus. Donec pulvinar porttitor sem non varius. Aenean cursus lectus id sem accumsan, vehicula gravida dui tristique. Nunc quis mauris quam. Vestibulum ante ipsum primis in faucibus orci luctus et ultrices posuere cubilia Curae; Donec consequat vel magna in convallis. Fusce dictum sit amet lectus at ullamcorper. Cras aliquam ex lacus, eget tempus risus laoreet at. Nulla non tempus nulla.", $828.76 , $679.58 ,14,Sony,29,Android 4.3
,790821,Xperia Miro,"Morbi eget mauris in ante mattis posuere vel a neque. Quisque scelerisque velit luctus viverra bibendum. Pellentesque habitant morbi tristique senectus et netus et malesuada fames ac turpis egestas. Sed in nibh sit amet urna tristique elementum. Vestibulum id elit congue, dignissim justo eget, pharetra magna. Suspendisse a risus auctor, congue eros nec, dignissim arcu. Duis malesuada lectus ante, quis interdum enim dictum sit amet. Pellentesque habitant morbi tristique senectus et netus et malesuada fames ac turpis egestas.", $730.40 , $606.23 ,12,Sony,41,Android 4.0.4
,389352,Xperia S,"Proin finibus ut felis vel consectetur. Donec gravida, nulla sit amet facilisis elementum, augue mauris feugiat risus, at bibendum nisl diam quis elit. Pellentesque sed nibh diam. Mauris vestibulum et sapien vitae faucibus. Vivamus non est dictum, porttitor tortor ac, consequat diam. Etiam ante velit, ultricies ac elit vel, tristique posuere est. Nullam lacinia orci a dolor egestas, vel accumsan risus vehicula. Nunc tristique nulla lacus, et cursus mi efficitur at. Maecenas quam erat, convallis quis purus et, tempus viverra neque. In hac habitasse platea dictumst. Donec ex ante, blandit a vestibulum ut, volutpat eget diam. Nunc fermentum urna nec nulla bibendum iaculis. Nam ac aliquam velit. Pellentesque habitant morbi tristique senectus et netus et malesuada fames ac turpis egestas. Phasellus placerat, felis vel porta congue, orci turpis lacinia orci, quis varius risus dui tristique lorem."," $1,226.01 ", $796.91 ,1,Sony,33,Android 4.0.4
,992922,Xperia SP,"Aliquam in magna dui. Duis a tempus erat. Duis metus urna, tempor luctus odio et, sodales accumsan orci. Donec lacinia pharetra turpis, id congue elit semper a. Sed fermentum purus lacus, at facilisis orci commodo nec. Vestibulum sed pharetra ex, ut suscipit neque. Quisque scelerisque mollis vulputate. Vestibulum a elit eleifend, dignissim eros eget, accumsan sem. Proin cursus sit amet sapien eget congue. Etiam ac nisi vitae tortor egestas tristique eget pellentesque lacus. Ut euismod feugiat enim ut rutrum. Curabitur sit amet sem at felis fringilla hendrerit nec dapibus dui. Integer at venenatis massa. Ut ut sem non ante faucibus gravida."," $1,070.54 ", $856.43 ,34,Sony,10,Android 4.1.2
,499602,Xperia T,"Sed metus orci, auctor sit amet diam et, volutpat semper velit. Etiam eu nisl id urna vestibulum condimentum. Praesent commodo sed est nec maximus. Proin lacinia justo id sollicitudin convallis. Praesent luctus orci ut tincidunt molestie. Morbi cursus ante justo, at fermentum diam facilisis nec. Nullam mollis neque erat, interdum hendrerit arcu mattis sed. Ut pulvinar neque diam, quis molestie massa tristique sed. Integer eu ligula nec elit tincidunt luctus cursus sit amet mi. Phasellus ultrices ornare velit, a pretium ex egestas et. Curabitur semper lobortis est vitae posuere. Vestibulum at lobortis velit, non commodo enim. Maecenas quis libero id elit bibendum efficitur.", $856.22 , $727.79 ,55,Sony,38,Android 4.0.4
,959000,Xperia Tablet Z2,"Aliquam eu lacus sit amet magna dictum iaculis eu at sem. Proin hendrerit rutrum ligula, vel gravida ipsum tristique ut. Duis ornare at felis gravida bibendum. Pellentesque semper ex sit amet quam accumsan venenatis. Donec placerat eleifend neque, quis semper lectus lacinia eu. In facilisis non risus id luctus. Praesent neque ex, malesuada sit amet volutpat at, fringilla vitae erat. Vivamus pretium lectus arcu. Cras et ultricies odio. Etiam eu nunc eget massa condimentum hendrerit. Praesent eleifend, tortor eget rutrum convallis, est metus congue justo, in cursus tortor tortor vitae est. Donec nec odio in mi eleifend egestas. Praesent congue enim tincidunt aliquam mattis. Pellentesque eleifend odio vel odio posuere sagittis. Morbi vestibulum dui neque, sit amet luctus nulla blandit a. Aliquam erat volutpat.", $858.66 , $635.41 ,42,Sony,0,Android 4.4.2
,393797,Xperia Z,"Vestibulum at dolor consectetur, tincidunt dolor in, viverra erat. Praesent eu justo porta purus facilisis placerat eu nec enim. Pellentesque sed varius quam, sed tempus elit. Ut nibh nisl, porta vel elit eu, pretium dictum augue. Duis finibus leo magna, vitae tempus lectus hendrerit id. Vestibulum aliquam laoreet mattis. Pellentesque habitant morbi tristique senectus et netus et malesuada fames ac turpis egestas. Aliquam lobortis lacus ex, non luctus odio pharetra quis. Interdum et malesuada fames ac ante ipsum primis in faucibus. Proin non massa magna. Etiam quis lectus neque. Vivamus sodales commodo nisl at volutpat. Ut congue pellentesque tellus, sit amet suscipit orci consequat ut. Fusce pharetra purus tortor, non eleifend nisl facilisis efficitur. Aenean eu arcu varius, ultricies erat ut, placerat ante. Praesent vel tincidunt diam.", $628.86 , $584.84 ,3,Sony,19,Android 4.3
,756448,Xperia Z Ultra,"In interdum scelerisque ipsum nec mattis. Proin eget egestas ex. Pellentesque malesuada nulla at eros viverra fermentum. Fusce sapien nisl, porttitor ut venenatis et, luctus vel neque. In bibendum eros vel tellus pellentesque, quis facilisis enim eleifend. Fusce gravida, tortor non ultrices suscipit, ligula nulla tempus risus, id sollicitudin nulla eros ac arcu. Suspendisse erat odio, iaculis ac nibh ut, egestas viverra dui. Nam vel lacinia risus. Duis consectetur, magna id auctor rutrum, arcu lacus gravida lorem, quis fermentum lorem eros a quam. Donec molestie faucibus risus, sit amet aliquam sem. Quisque sapien nisi, bibendum accumsan dignissim sed, hendrerit vel sapien. Sed cursus ex diam, eu posuere ipsum iaculis a. Nulla congue lacinia nunc, vitae vehicula ligula malesuada eget.", $686.11 , $638.08 ,37,Sony,22,Android 4.3
,297822,Xperia Z1,"Cras commodo nisi ut rutrum ornare. Sed consectetur sapien id ultricies pharetra. Nulla sed tortor ut magna placerat vulputate. Praesent at tristique nunc. Ut lacinia eros nec eros sodales placerat. Donec vulputate est et congue volutpat. Vestibulum convallis fringilla interdum. Proin quis ante et purus placerat vulputate ut quis ipsum. Lorem ipsum dolor sit amet, consectetur adipiscing elit.", $394.83 , $347.45 ,17,Sony,46,Android 4.4.4
,916132,Xperia Z2,"Pellentesque ultrices, justo non hendrerit varius, elit ipsum malesuada dolor, lobortis porttitor augue diam vitae mi. Nam varius iaculis tincidunt. Donec sodales dui sed purus malesuada, sit amet varius tellus consectetur. Vestibulum tincidunt libero nec elit vestibulum tristique. Vivamus tristique nisl sit amet erat hendrerit, non iaculis magna placerat. Phasellus accumsan dapibus gravida. Sed tempor vulputate metus."," $1,167.23 "," $1,132.21 ",17,Sony,78,Android 4.4.2
,549529,Xperia ZL,"Morbi tristique mollis lacinia. Sed ac mauris et libero pretium hendrerit. Vestibulum a laoreet metus, quis imperdiet mauris. In pulvinar tellus at dolor porta, eu dapibus nulla sollicitudin. Donec scelerisque felis eu nisl egestas venenatis. Phasellus sed nibh elit. Curabitur eros sapien, consequat vel ex ac, tempus feugiat metus. Praesent vel tristique nisl. Donec eget augue ac augue dignissim volutpat. Curabitur nisl purus, posuere nec lobortis eu, elementum volutpat libero.", $495.70 , $411.43 ,2,Sony,78,Android 4.3
,673988,Z30,"Nulla rhoncus vehicula tincidunt. Sed eleifend augue a feugiat porttitor. Aliquam molestie sagittis tellus, eget eleifend sapien pretium vel. Mauris condimentum, nibh vel facilisis varius, massa erat scelerisque sapien, sit amet dapibus erat orci in ante. Integer commodo diam vel suscipit bibendum. Cras ornare vulputate eleifend. Nullam arcu est, luctus vel enim vel, feugiat sagittis enim. Praesent ante felis, faucibus vitae elit in, finibus pretium neque. Nulla dictum sodales eros ac elementum. Duis ullamcorper est vitae sapien varius consequat. Duis eros felis, viverra sollicitudin tortor at, congue dapibus est. Vivamus eget elementum ipsum.", $955.71 , $802.80 ,6,BlackBerry,27,BlackBerry 10
